4694219898,1630645048,懂了，p站啥时候上元宇宙？,见思齐
4699764855,1631055722,我觉得必然是最先上的一批[好奇]欲望经济不缺粉丝[赞同],思哲
4701052054,1631149582,ghs是第一生产力[doge],一晋一
4699362519,1631089286,估计还是区块链那帮人，毕竟搞到最后发现只能炒币，现在币也不好炒了，又搞个新概念。,CLNY
4795776966,1632982451,我们一般称之为 资本,狮子的进击时代
9926761253,1635473880,太同意了，就是新概念炒作,笑着活下去
4679865340,1629691531,个人认为目前概念炒作大于实际，技术还远远不能支撑。,Zhang Vincent
4689292151,1630277882,全息投影炒了几十年，怎么不见普及？怎么手机还需要屏幕？怎么不直接投影到空气上？,左牵黄
4693749057,1630640148,为了股价上涨 什么干不出来。,52Hz
4816032249,1634823067,人类在作死道路上又前进了一小步，作死的一小步就是毁灭的一大步。<br>当年玄学家扯的这些东西，终于找到一种脱离肉体的方式进行实现，虽然很扯，但是貌似可行。<br>最终人类没有走出太阳系，也没有进化成更高级的生命，而是从宅在家里，变成宅在虚拟世界里。<br>资本主义真是人类文明的掘墓人。,穆帅的球迷
9958903862,1637143842,大概率是技术革命迟迟不到，生产力突破不了，人越来越多，资源不足，用元宇宙把底层人的意识全部上传到虚拟空间中，现实社会消耗的资源仅够维持生命就行了，甚至于生命都可以不要了。这样，资本家就可以尽情享受现实物质了。,許小凡
9926850077,1635474784,正解，爽完一辈子拉倒，没人想星际殖民了,不在读程序员熊吉
4693748852,1630639704,看到这个词我第一反应就是炒作，大家都是明白人，按照现在的技术这个所谓的元宇宙充其量就是个新的游戏概念。可想而知，又会有谣言满天飞，把所谓的“元宇宙”吹的神乎其神，然后又会有一大波韭菜仰脖子待收割。,52Hz
4699949035,1631087073,按照现在的技术，这玩意儿还在PPT那一步。,52Hz
4700317648,1631151729,这跟互联网可不是一个概念。当初互联网可是通过基础设施实实在在的联系了整个社会。看过网游小说的应该都明白。在互联上搭建一个类似人类社会的不管是网游。还是社区。那可太难了。现阶段你说你在研究阶段。那无所谓。怎么吹都行。你要他们能拿出实实在在东西。想都别想,落花吹雪
4699805400,1631087005,全部都元宇宙了，要天天看屏幕，视力肯定不行，利好爱尔眼科[doge],小葵的哥哥
4700532009,1631180633,不管是用眼睛还是神经元，都利好白酒,虎皮猫大人
4700579358,1631151823,如果真到那个地步。后期根本就不用眼睛去看投影。直接就是神经元的接入。估计我这辈子是没机会了看到了,落花吹雪
4700905175,1631155318,反正要坚持党的领导，不然这东西太容易成为各种妖魔鬼怪的天堂,懂完了
9952221827,1636527409,那必须的，伟光正无数次证明是人类前进的明灯,小镇梦想家
10009956643,1638763074,当达到共产主义阶段，物质完全不愁，但人性难抑，只有靠虚拟才能释放。所以meta是共产主义的必需品。,Dirac sea
4704400968,1631500354,元宇宙万岁，我准备去建一个，大家有没有兴趣投一波，每月返利，比他们高，PPT一会就去做，晚上就写好[调皮],进击的小面
4811475155,1634406461,你那叫资金盘吧,狗庄休想骗我
9948842680,1636121995,我也想要PPT[可怜],麻薯木木麻
4699486435,1631110843,如果真的实现了，就是说社畜们死后还要在虚拟世界继续996[微笑],狸喵好吃懒做
9955061838,1636788437,虚拟世界是000,沉默的青蛙
4812679013,1634406521,真实现了 就没我们什么事了 ,狗庄休想骗我
4680712296,1629767014,VR，看了就头疼，现实中个个都是高度近视眼，我看你拿什么进入元宇宙，哈哈哈,leo强
9949705996,1636151401,终于明白为何看不到外星人了！有一天我们发现了外星人的母星球，发现他们全部都沉浸在元宇宙中！！！[开心][开心][飙泪笑][飙泪笑][飙泪笑],冰蓝
4691996047,1630472347,脑后插管,勿以恩小而不感
4700195561,1631143768,现在杀进去的至少站五年高岗，这波割韭菜意图太明显了，元个屁的宇宙，怎么不弄个漫威宇宙出来玩玩,山村老平头
9943226690,1635581427,5年还是高估了现在的技术水平,多读书
9966368260,1637825075,5年时间能玩到刀剑神域那样的丐版游戏，就是科技的巨大进步了,推特就是你的榜样
4699026797,1631063478,真是比较服了这帮好游戏，搞社区，搞区块链的，动不动就革命,狂奔的蜗牛
4700009081,1631089510,韭菜要一茬一茬的割,CLNY
4716807136,1632428006,A股就不割韭菜啦[大哭],是个小白菜呀
4795941180,1632966543,就是一场闹剧，在产品和技术上没有任何突破，仅仅是造了个词，救了垂危的VR概念，让故事可以继续讲下去。实际上元宇宙甚至不应该叫元宇宙，宇宙只是维度空间，应该叫世界会更加合适，而且是一个人类世界，只要有人类的文明要素，人们可以沉浸在其中，就可以了。比起Roblox，我觉得魔兽世界更加接近这个概念。Roblox主打的是玩家创造，和文明实际上还差很远。,Victor
10014775206,1639287521,确实，这种元宇宙概念国内的好多小说都提到过，steam游戏也有，他们只不过就起个名罢了，这种技术要求太过苛刻，以现在的科技水平远远远远达不到，没想到他们这些公司竟然开始融资了,coldcash36g
9944159629,1635637289,感觉魔兽社交方面勉强可以，毕竟私聊都会回哈哈,知然
4706819616,1631606428,话说，我们不是要去探索星辰大海的吗？这以后都想钻进虚拟世界那个小盒子里不出来，甚至肉身死亡都不管了，星辰大海谁去探索啊？[流泪],萨那
4710755716,1631945191,我想起之前看到的一段话：刘慈欣认为，人类存在的意义在于向外拓展。人类应该不断地向宇宙深处扩张自己的生存空间，不断地向宇宙彰显自己的存在，这本身就是意义。我们如今却沉溺于信息技术的安乐窝中，变得越来越内向。“这种内向发展到极致，世界就会变成这样一个图景：地球表面恢复了森林和草原，生命都很繁荣， 但是整个地球表面看不到一个人。同时，在某个地下室中，有一台超级电脑，在这台电脑里，生活着几百亿人，就像《黑客帝国》一样。这种图像一旦变成了现实，人类的生命将不具有任何意义。很不幸，人类正在朝着这个方向发展。”,最后的星际战士
9943317275,1635584983,以这个设想 会不会有的星球的智慧已经进入这个阶段了 所以人类没有发现他们,王大锤
4701583360,1631271461,管你什么宇宙都利好显卡。老黄成最大赢家。,TomYu
10269534049,1661856105,那问题来了，元宇宙是要在那一方面大展手脚？游戏娱乐?在线办公?还是生产制造?我觉得恐怕是第一个，也仅仅只是游戏娱乐的一个分支，再怎么VR，也代替不了线下的身临其境,汙围
9962706844,1637470520,引用网友说的：元宇宙还要花钱研究？一瓶酒下肚，什么都有了。,卡号
10032160034,1641743404,精辟[飙泪笑],amanda
4662247391,1628478477,人类在元宇宙里面的数字分身，将会永生。即便现实中的肉体湮灭，数字世界的你，仍然会在元宇宙中继续生活下去，保留真实世界里你的性格、行为逻辑，甚至记忆。 这个真的绝绝子。以你的习惯，永生不朽,小花猪
4694691117,1630639824,看到这个评论只想笑，看评论居然有人信。你很有写科幻小说的天赋，加油骚年。,52Hz
4692631327,1630543024,等于说服务器永远不会关咯,煤氣丸
4709590162,1631882645,镰刀不好用了用菜刀一样割。这概念我以为是拍电影呢，再一看这么多人吹，还以为是2121年了，这么多人还想去虚拟宇宙里，不怕被压榨的更惨吗，那可真是资本家创造规则的地方，他们是神想想你们是什么。,低调的白
9929310508,1635475742,韭菜,不在读程序员熊吉
10017133242,1639451796,韭菜算不上，最多是种植韭菜的土壤。,看我眼色行事
9951973699,1636469735,本来想梳理下元宇宙相关投资机会及标的，经过幻想及各种拼接之后，竟然发现是自己格局小了，开始认真思索着人类文明该往何处去。。。<br><br><br>细心留意世界变化的朋友可能已经隐约察觉到世界及人类文明正在往两个极端的方向进一步发展。<br><br>方向一：向外太空发展，进一步探索未知的世界。<br><br>方向二：向虚拟世界进军，试图构建一个虚拟的平行世界。<br><br>方向一的代表包括了：马斯克，真切的向着火星探索的目标一步一步的坚实迈进。看他的代表作， Space X（降低去太空成本）、powerwall（储能），可折叠房屋，贝索斯（外太空的尝试）。<br><br>再看看一些最近十年新出来的技术，机器人、空气蛋白、人造肉、垂直农场，如果脑洞大一点，不知不觉中，在一种全新的太空场景中各种满足人类生存需求必备品是否突然有了应用场景。<br><br>方向二的代表：典型的是 扎克伯格，其实还有 中本聪。<br><br>大家不妨把(block chain\bitecoin\ VR/AR\机器学习\数字资产)这些全部串联起来想，一个虚拟世界中所需的账簿、数字流通货币、硬件设备入口及关键技术是否已经逐步具备。<br><br>刘慈欣是坚定的飞船派，人类就应该集中精力探索未知的世界，而不是沉迷在虚拟的世界里丧失自我。<br><br>而笔者认为，人类该往何处去 这个路线之争取决于 技术进步的成熟度。两种方式本质上没有实质性的区别，都属于重建一个人类的家园。只不过一个在外太空，一个在虚拟世界。<br><br>经过农耕时代、工业时代、互联网时代之后，技术的不断进步推动着人类文明走向了下一个十字路口：<br><br>无论向哪条路线走，对于能够亲身经历这种跨越而言，确实是令人激动和无比期待的。,区块投研DAO
10047899389,1643395867,前者的限制是能源，后者的限制是算力，这两个靠的是基础科学的进步[捂嘴],黑天鹅
10058642996,1644660443,还有阶层拓展的可能性。毕竟现实世界的阶层壁垒可以在虚拟世界中低门槛进入 指不定改变现实世界阶层,彤彤彤
4704342761,1631511744,元宇宙和虚拟币一样单纯的收韭菜，现在的技术不支持运行，如果虚拟大于现实  就等同于吸毒 国内肯定不会允许的  这个最多成为一个游戏  ,1000000001
10017509410,1639562155,资本之流也不会一脑袋扎进虚拟，都是忽悠老百姓进去，他们坐后面数钱[惊喜],Flame
10015170976,1639342800,我也这么觉得的，下去百年有这技术都是超常发挥了，,小狗
4692899754,1630556855,元宇宙的你终究不是你，因为自我意识是没法复制的，在你真身消亡后留下的只是一个NPC，也就是AI数字人,大牛叔叔
9947839677,1636090140,更通俗一点就是，人死了游戏账号还在[看看你],随愿所成
4694571660,1630639955,元宇宙都在瑟瑟发抖，你给它的压力太大了。,52Hz
10006701376,1638527670,元宇宙这个没啥大意思，如果它像游戏不过是一个大型网游，氪金玩家永远虐你，现在有人已经大把钱卡位了。如果不像游戏在里面生活工作，你现实世界过的还不够吗，还的去再虚拟世界再重复一次。里面的小人是你吗，衣服再漂亮现实的你穿的土里土气，你的女友漂亮现实中的你撸管自闭，兜里钱再多现实中的你每日泡面充饥。真没劲。你也许说元宇宙干好了可以转成现实世界的钱，别傻啦，现实中的有钱人让你有这个机会，人家有资本的氪金玩家在现实和虚拟双重压制你的，你还会是一个被资本打压的屌丝而已，阶层永远存在。对你发起无限月读你还能知道这是个无限月读，这更残忍吧。带土哥，我还是活好自己的现实宇宙吧[惊喜],太乙金华火腿
10057726969,1644519145,就像人们被吊在商家激发的各种欲望上，虚拟世界也是商家的营销手段，奶头乐。,adipu
4701445606,1631187779,恶臭无比的骗局又开始裂变了 简直是狗屎平方²,知乎用户FRnN1s
4703032362,1631292037,超高自由度的游戏社交并不是新概念，VR也不是新概念，玩家自定义玩法也不是什么新鲜事，早已经存在一些游戏里。<br>最懂玩家最懂游戏的厂商没什么发话，倒是各种概念号铺天盖地说多先进多未来，总感觉有猫腻。<br>想起当年美军“陆地勇士”项目,Akan
4702448680,1631292208,有些视频号提及元宇宙一个重要概念就是自定玩法和货币————这不就EVE星战前夜？,Akan
4812624146,1634434926,p,不吃草的羊
4701758595,1631258987,这不就是网游之XXXX的剧情吗,何不平
9961076320,1637282209,以后宅男就天天吊着营养液，躺在一个格子里，在元宇宙世界风光无限。,黄知傻
4705442910,1631516940,前前后后看了一遍，无非就是游戏画质提升了，延迟变小了，完全没实质变化。<br>当然吹的神乎其神，又可以圈个项目钱了,劲小松up
10007112135,1638514303,高端版模拟人生[捂脸],mmcdn
10008597271,1638574474,真是娱乐至死，资本玩弄人类，看来头号玩家属于是未来警醒片了，现在都有把游戏称为精神鸦片的，元宇宙这种虚拟现实模式出来后是不是会像《上载人生》一样，你作为有血有肉的人都不太能够控制自己的欲望，容易被蛊惑，被引诱冲动消费，到了真正资本创造的虚拟世界，难道来这世上就为了成为一趟数据？不知有人是否还记得qq号你只有使用权之类的话，到了元宇宙你把心血全倾注到虚拟之中，但你也只有使用权，元宇宙的《圣经》，由资本书写，你连祈祷都没用。,白不依
4698327992,1630947068,[思考]资本没有新东西可以炒就炒概念吗。反正只要炒总有既得利益群体和韭菜群体。,我有毒
4792642807,1632708626,吹得这个元宇宙还不如贾老板造车靠谱呢,椎名暮青
9961355425,1637331950,元宇宙不生产物质，只能加工物质，只能把原本一毛钱的东西加工成一百万，然而本质还是氢氦铝铍硼，人类的未来在星空，在宇宙，在宇宙之外的的无尽永恒，而不是局限在一个蓝色的星球里疯狂内卷。当你的价值只剩下一个归属于电子公司的游戏账号的时候，你生存的意义无非就是让你的ID被压榨出更多价值，仅此而已。​,艾小琳eileen
10043831042,1642856226,倒不一定非得是氢氦锂铍硼。试想一下，技术条件到位了，可以尝试在虚拟世界里，配合超级AI从重建物理规则开始构造无数的世界，见识存在的无限可能也是一种乐事。,Escaper
4698974228,1631074571,kirito：这个我熟，不就是没有退出按钮嘛[滑稽],Essence
4792923131,1632754913,净TM扯淡吹，一个和现实世界无关的角色扮演[飙泪笑],郁罗森
10037485462,1642265464,精辟,麦子小小猫
9941341110,1635474095,就是角色扮演游戏,不在读程序员熊吉
9962377609,1637465341,记得以前的科幻电影喜欢把时间设定在2020年，结果真到了2020，一点也不科幻。科技没啥突破,hdjsjdjj
9948232877,1636119437,元宇宙利好白酒股，不喝高了一般人进不去这什么狗屁宇宙。[思考],副球级领导干部
10086587018,1647155972,[飙泪笑][飙泪笑][飙泪笑],Aegean
10019452623,1639732058,    “元宇宙”到底是个啥？官方概念我就不赘述了，相信感兴趣的朋友都知道个七七八八了，这事儿我也没办法具体落实，因为它到现在都没一个确切的定义。不过，这个源于科幻小说《雪崩》的未来概念，倒是激起了不小的浪花，给好多大厂忙叨够呛，互联网巨头Facebook甚至“更名改姓”为Meta，可想而知“元宇宙”的威力有多大！<br>    “元宇宙”究竟是泡沫还是真实的未来？我这个问题，大大小小也参与了不少业内峰会，接受了很多采访，与很多国内外同仁共同探讨“元宇宙”产业的发展新趋势。此处不是凡尔赛，毕竟现在蹭“元宇宙”热度的商家太多了，铆劲儿注册“元宇宙”商标的大有人在，而我们一直在做的事情，在这次“元宇宙”的大潮中可谓是稳扎稳打，这跟我们九年深耕行业的经验是离不开的，毕竟当大潮退去，谁在“裸泳”一目了然。<br>      大家目前进入“元宇宙”的方式，是通过计算机产生人的五感，哪五感呢？就是视觉、听觉、嗅觉、触觉和前庭，这就需要一家公司掌握关键技术，打造出能给人实现五感的入口型设备。说句掏心窝子的话，大家如果真要投身“元宇宙”这个行业，建议大家要么围绕关键技术使劲儿，要么在能实现五感的设备上做自己的内容，这才能不做无用功，过个十年二十年再回头看，当初费这么大劲儿做这事儿也值当了，你说对吧。<br>      我们目前在元宇宙的虚拟世界中，能让人获得五感的技术已基本建设完毕了，除了之前跟大家总提到的精确定位，还有机器人的力回馈、万向跑步机技术，无论“元宇宙”这玩意到底是个啥，我们都用实际成果证明自己不是在纸上谈兵。并且未来呢，我们也会继续打磨技术，打磨产品，用自己的付出为数字经济持续注入新的力量，再一次打开一个窗口，让世界好好看看这一切都是Made in China！<br>    感兴趣的朋友，欢迎一起讨论哈，We are family！哈哈，一起为国争光吧！[大笑],华哥的电竞2.0
10018841434,1639732456,良心答主，回复的很详细[赞同],ratehop
4708492056,1631715906,大家入场元宇宙要慎重，不少国内外的山寨盘子会出来割韭菜，以MSF山寨元宇宙的盘子为例，重项目起盘就开始欠制作方的钱，该盘子的公司并无资金去支持元宇宙世界的运转，自称区块链，其实就是服务器云端，肉借助炒区块链的概念收割韭菜，实则挂羊头卖狗，一定要慎重 慎重 慎重,qweqwe123
4700107047,1631118842,”16K以上的720°高清影像、180Hz以上的刷新率、5ms以下的延时“ 算力大概是3090的50倍。嗯。。,风鹰侠
4704555438,1631530026,用电脑显示屏来达到沉浸式体验吗[好奇],猫鼬小奇
4705127676,1631543765,华为的VRglass啊，晶格效应已经不是很明显了,汪汪汪
9947796025,1636025141,所以元宇宙有什么用？你是不用吃饭，还是不用工作？,范范
9957657304,1636960754,元宇宙有什么意义呢，我一直不理解头号玩家那种玩意儿有什么意义,简单大闲人
10015137563,1639359415,现实生活中的输家里可以在这里重来N次。,掠影修竹
10233940463,1659223734,可以用来做教育，那就有价值了,hhhkakaka
9960422041,1637225885,即便真的能实现，我也不想进去，现在的网络里那么多的垃圾就觉得挺麻烦了，进入元宇宙那垃圾更多了。,孟秋·拾肆
9958725317,1637137407,资本，总是能精准无误的收割一些无脑韭菜。,蒋小鱼
4791559783,1632594550,这是哪个商人在看完一号玩家和失控玩家后的天马行空吧，估计又和区块链一样风声大雨点小最后就剩个虚拟钞币,Redst0ne
9958873551,1637143612,国内厂商好游戏都做不明白，还元宇宙呢。,时间马赛克
9960528003,1637316603,美帝的飞机军舰开过来时，我们要靠元宇宙跟他们打？[飙泪笑],Herry
4700993537,1631152907,庄生晓梦迷蝴蝶，望帝春心托杜鹃,燕子foreverfly
4700450731,1631095804,另立中央概念股,loveshine
9947932219,1636103061,不懂就问，精力都投入元宇宙了，还需不需要吃饭拉屎[口罩],东门土狗
10014905257,1639359510,变成黑客帝国那样，代价是自己成为电池。,掠影修竹
9965938308,1637732862,买点元宇宙的币 游戏币 以后一定会吃一波红利，不要贪 几十倍百倍就够了。不要堵身价，去买，买还没上交易所的，买项目方真的还在搞事情的。你会感谢我的,南山树下
10015556225,1639359593,关键是买哪家的？各家都说自己是正宗,掠影修竹
10299579487,1664102742,元宇宙的货币一定要和区块链挂钩，不然就是假的,Vain
9958841494,1637135908,如果我们目前所处的宇宙  就是元宇宙呢？[捂嘴],三金三石
4716563594,1632396913,三体第一部的三体游戏是不是一种元宇宙？,桂花蛋黄黄
10040483283,1642577883,接近，做不到无时无刻可以上线,kahnyao
9933571640,1635475292,是,不在读程序员熊吉
4699242020,1631084003,炒概念...诶...就炒,知乎用户z8KQcZ
9953251958,1636546361,说到底，人还是要吃饭，毕竟我们都是生物，就算这个世界真的有了这玩意儿，该上班上班，该吃饭吃饭，vr版的模拟人生罢了。,爱竞逐镜花那美丽
10009989004,1638770474,mmp现在的人已经都越来越不像人了，再整些虚拟的东西出来，这个世界更混乱了，好好踏踏实实生活不好吗，现在的人幸福指数都快没有了。人生就这短短几十年，折腾来折腾去有意思吗？,小E界L
10030921123,1641558369,笑死 说得对,一只小可爱
10157360571,1652800546,"自己经过半年的沉淀思考，更新下目前的认知。方便各位参考下个人如何参与到这波元宇宙的浪潮当中去。<br><p><br></p><br>目前的这波热炒和5年前的炒币、炒区块链最明显的区别是这波是由Facebook\google\国内则是字节、百度等企业驱动的。 原因是算力、硬件可能突然到达了拐点、加上疫情三年促使人一下子开始加速被迫进入的线上沟通， 元宇宙这个时候其实恰好满足了不同地区的人，在不同时空，创造出一种现场沉浸式体验的解决方案。虽然产品还没成型，但在疫情时期大家很容易理解。<br><p><br></p><br>目前主要参与的企业要几种类型：<br>1.互联网大厂、他们不得不参与，就好比他们害怕错过10年前的移动互联网<br>2.大厂离职员工或中高层创业，他们看到了2000年混沌初开时期的互联网，如果不在中年危机搏一把，人生也就这样了。赔率足够高<br>3.各行业的头部企业，他们反正每年也要花上千万的营销费，做个NFT正好捕抓到了新生代人群，两全其美<br>4.各行业的尾部企业，以前主营业务不强，什么火，追什么。以前蹭P2P,后来蹭区块链，后来蹭比特币，最近蹭元宇宙<br>5.皮包公司及传销组织。这个不细说了，替大妈们捏一把汗<br><p><br></p><br>对于个人而言：<br>不要盲目的排斥这个机会 也盲目的冲进去这个领域。<br>元宇宙应该是大大趋势 但也不会明年到来。<br>正确的姿势是 补充好基础知识 最好把现有的工作业务看能不能和元宇宙结合起来。<br><p><br></p><br>目前看来，最赚钱的就是那些买元宇宙网课的，收割了一波，哈哈哈",区块投研DAO
4701303430,1631211852,这东西不就是当年《星际公民》概念的加强版吗，问题是人家用了九年时间开发都还没完成。“元宇宙”这东西要完成，需要的时间肯定更长。问题是中国的互联网公司有哪一家敢投入大量资金和时间来做呢[思考],世外探员
9926849970,1635474395,统一标准就能吵到死。而且别的公司凭什么听你公司的。说白了，就是VR网游，谁做得好玩谁的。,不在读程序员熊吉
4705163042,1631464373,这是类似互联网的概念，提供的是一个平台，不会是某一家公司做的，构建统一标准，然后互联网公司负责添砖加瓦就行了，形成不同功能的元宇宙,天啊
10023282989,1640589892,是不是残疾人到元宇宙就是健康的状态了[好奇],一块红糖年糕
10021664876,1639961171,2018年的头号玩家，AR/VR到现在还马赛克呢，就要应用到元宇宙？那么多钱怎么不先把AR/VR清晰度，延迟问题解决呢？<br><br>就是炒不动了，拿个别的概念继续炒，继续割呗[飙泪笑],一TRON一
9962952204,1637539489,务虚害人，实干兴邦，又是个网络游戏，看看现在的小孩都已经离不开手机了，照这个发展人类终将灭亡,rex.wu
9958934292,1637164055,那黑客不就无敌了？,句号
4690328840,1630383053,区块链？就是骗人的玩意,接收信息
9954652117,1636788788,区块链早就落地了，不难，需求很旺盛。,沉默的青蛙
4693462133,1630557016,也许我们就生活在虚拟世界里，我们的存在本身就是一场骗局,大牛叔叔
9962258833,1637450209,现在鼓吹的我都怀疑是我理解错了，连个美妆也出来搞元宇宙，我就不明白跟元宇宙有啥关系,海澄
10086970180,1647155748,试妆，和大牌试鞋一样,Aegean
9960357643,1637215387,这概念搞得人很不舒服，用来做正事还可以，但要做到普及对人类真是一种打击。,TracyWannaKnow
9955852747,1636898643,说白了 资本在背后推波助澜 炒作狂吹  吸引韭菜入局 割韭菜,Boss谭
4706842700,1631592275,VR啥时候普及？[doge],爱吃鱼的幸运猫
10148565438,1652074606,早上抽签买盲盒59元，下午5点卖出2449元，你说这叫我怎么不信？不入场？,知乎用户DKFK9z
10066831616,1645490201,这个元宇宙和90年代的互联网有啥区别？,周民
10036156924,1642055833,我只想大声呼喊：别搞了，自然万岁！！！,持续做梦
4689947735,1630400189,想问 《三体》里的三体游戏算不算元宇宙,RRiley
4785895498,1632488262,不算，但是他的技术可以搞元宇宙，规则才是限制元宇宙发展的原因,乱力怪神
4694336963,1630639900,应该算吧,52Hz
10023685611,1640703725,就算现目前处于炒作阶段，至少概念兴起，人们有这个意识，开始期待。并且有人在这方面去努力，未来实现也不是不可能吧[doge]让我们拭目以待，待不见就算了，我下辈子再待[撇嘴],小赖
4699695579,1631148829,都去玩游戏了谁做工谁生孩子，怎么感觉成瘾性不符合政策,故无聊
4704181889,1631416609,这个倒不是没办法解决，比如你接入元宇宙就要上传共享一部分大脑算力，这部分算力就算你为大家做贡献了。<br><br>当然现在肯定是技术不允许的，我看来现在所谓元宇宙的任何低配版技术都没法实现……,Dawn
9943170843,1635597430,那不就是黑客帝国了吗,煮不烂
4710439818,1631865265,我还以为是什么新技术赋能呢，就这？资本讲故事能力越来越不行了,咚咚咚
4811184118,1634285345,"元宇宙这种投机者利用科学收割韭菜的勾当,与现实生活中利用人们善心行骗无异;<br><br>投机者不放过一片净土,荼毒科学,恶臭之极;<br><p><br></p><br>---------------------我是分隔线---------------------<br><p><br></p><br>想像一下,你带着少数几个学生,在安静的教学生弹琴的夜晚;<br><br>突然一堆人围过来,围成圈玩击鼓传花的游戏,大家叫喊着,弹的好! 弹的妙! 甚至有人看到流星起哄着星星都在为琴音不自觉放下身段;这个击鼓传花的游戏参与者越来越多,圈越围越大,但他们并不是音乐爱好者,也不是琴技参与者;<br><br>你还在弹着自己的琴,甚至有人过来向你学琴,看起来一片繁荣,对音乐事业都有很大助力似的;<br><br>最终,曲未终,人却散这游戏突然就结束了,也许是从第一波不愿意玩的人离场开始,这零和游戏瞬间崩塌,游戏最终被炸的那批人,开始恶骂琴声难听,是你弹琴太精导致了这一切,他们甚至认为是你卷走了他们的钱;<br><br>从此,不仅过来向你学琴的人撤走了,你原本就有的学生也因为所有人对琴的唱衰而撤走了;<br><br>从始至终,你只是想弹好琴,教好你的学生弹琴,但最终你什么都没得到,这些恶毒的投机者利用你的琴音,利用音乐带给人们的美好,把这些全变成了钱,然后钱都装进了他们的口袋;<br><br>你被家人朋友嫌弃,只好将琴藏起,从此世间再无琴;",jiaxiaogang
4699906537,1631147630,那么问题来了，我们现在会不会已经是虚拟的了呢？,张雷
10015434926,1639343024,你割自己一刀试试[捂脸] ,小狗
4706901861,1631595245,"元宇宙的概念到实际落地需要底层硬件+AI+区块链来实现.....<br>其中的一些疑问❓<br>1.网络层的基础建设跟不上，5g－6g能否满足还是未知，跨区域如何解决。<br>2.感知系统的传感器精确度,生物识别，底层硬件+算法很难普及<br>3.光学系统还没有达到满足实际需求<br>4.图形渲染分布式技术还没有成熟<br>以上这些近几年能发展到什么程度，",Simon001
4813765694,1634545544,近几年？ 就失控玩家里面的那种 效果。一百年时间能达到就不错了,宇宙第一猛男
9945414081,1635754555,那有太多的技术要攻克了,不在读程序员熊吉
4706544406,1631586209,说实在这就是一种投机，先入的成本低，看能否经得住诱惑，及时撤退，后入的恐成接盘侠，风险高，主要的还是看谁背书，大公司或者国家背书，跑路的概率低，而且这些前提都是介于5G的基础之上，现在主要是元宇宙游戏会成为主流，其实元宇宙就是在打造私域王国罢了。,缘见ACG
9960942716,1637316100,不能先把芯片的事解决完再吹牛逼吗？,之前说过了
9948394068,1636095266,目前来看是一个虚拟现实的社交平台，可以通过vr进入互动，会加入一些生活或者娱乐场景，比如和朋友游戏互动，虚拟世界上映电影，演出，3D购物场景等。优势在于整合和沉浸感，可以无缝切换场景而无需切换APP。发展的话就是场景越做越大越真实，应用场景越多，形成虚拟世界文化。代替了现在刷手机，那时候可能就是人人带上vr刷元宇宙，你可以看3d真人小姐姐跳舞，也可以看新闻去到案发现场，甚至在NBA的赛场上或者游戏比赛中身临其境。哇！这些都是现有技术可实现的，他没那么神乎其神，但足够大家去憧憬。,风格融合
4810972060,1634265926,顶级奶头乐[捂脸],Franz Chang
9957065629,1636950447,那就不是奶头乐了。,krlipl
9950315243,1636292066,hhhhhhhhh,南风
4704726389,1631507679,扎克伯格真为了技术？  完全就是为了概念炒股价,Xcccc
4700957275,1631237449,真的很扯。我也不希望我在有生之年能看到真正的元宇宙，我觉得当正常人挺好的。人妄想脱离肉体得以永生…最终导致的应该是人类自身的灭亡吧……,何越
9919921044,1635474469,脑机接口普及以后会灭亡的更快。因为没有星际探索的动力了。大家直接在脑机接口里爽完一辈子拉倒。,不在读程序员熊吉
4701521565,1631263291,人类难道永远不会灭亡嘛,长安一梦
4685639953,1630000725,前有盛大。  历史与实践证明超脱于现实世界太远的的事物是长久不了的，望有识之士一起讨论！,胡方杰
9963547605,1637570785,超脱现实世界太远，肯定需要生产力发展到一定程度，才能保证人类维持自身的生命体的前提下，有大量的时间沉静在虚拟世界中。,丁丁
4704152880,1631426685,技术层面上，就现在这算力，我真的怀疑能不能支撑这么大的数据运算[思考]，除非用量子计算机链接成分布式网络还有可行性。,阿尔萨斯的呼唤
4701700220,1631260159,不就是全息影像技术吗，美国80年代就有高等文明送给军方一种名为意识渗透器的装置，经过改造后可以像头盔一样戴在头上，然后进入全息影像的虚拟世界互动。但由于科技太过超前过早普及会引起大众的恐慌和犯罪，最后决定2060年后才能公布并普及,王有先
4701374203,1631263215,不是。你这段话的资料哪里看的。感觉很离谱啊[捂脸],长安一梦
4702333478,1631328987,天马行空,汤三藏
4692011131,1630516691,吐了,海贼王草帽
9948780430,1636103864,原来这就是元(奶)宇(头)宙(乐)吗？真是新奇呢,疾风亦有归途
4706518253,1631596951,看似远的东西，一旦技术和观念突破，很快就站在我们面前～～[思考],珊心尔意
4801970170,1633500163,技术都停滞几十年了还一瞬间。谈元宇宙，不如谈可控核聚变更现实,公子扬
9947873991,1635991125,智能手机只是应用的突破，不是理论的突破。现在的很多领域的基础理论还是几十年、甚至百年前的。按现在对元宇宙的畅想，如果要实现需要理论上的突破。,Chet-Liu
4702221203,1631240106,比马库斯的脑机联合都大,风尘
4701618267,1631292113,下个概念解决单元宇宙链共识同质化[思考]<br>各宇宙之间达成共识链接成多元宇宙<br>MASS封神,梁健
4700153737,1631082591,人类在元宇宙里面的数字分身，将会永生。----变成僵尸吗，太逗了，人都死了谁去元宇宙操作,卡拉哈里
9900901375,1635474571,那肯定不是我，只是我的复制品。对我来说毫无意义，对亲友来说还有点意义。,不在读程序员熊吉
4710196519,1631946468,反正是个概念，那直接开个脑洞：那当然是人工智能来操作[捂嘴]AI在你肉身活着的时候，先学习你的习惯、思维方式还有记忆，建立起你的数字人格模型，等你肉身死亡后，他就来替你控制，在“元宇宙”中扮演你[飙泪笑][飙泪笑]（现在一些手游里，当你掉线后可以选择电脑代替操控，这可能就是个雏形。虽说还差着十万八千里[飙泪笑]）至于这个有着你记忆、习惯和思维方式的数字人还能不能算是你，那就不好说了[飙泪笑][飙泪笑][捂嘴],最后的星际战士
10002589193,1638278285,没有仔细看完。这么说，一，那元宇宙是更三维或者思维的游戏？二，元宇宙能给人类带来什么益处？,生活100
9987418201,1638184783,我觉得剑网三。。就是元宇宙,一颗小号
9968390076,1638073913,元他大爷,道命清玄
9967664954,1637987466,这不就是黑客帝国嘛。。。每个人都是数据,樗木散
9963893877,1637548399,对元宇宙感兴趣的，可以私聊,小白
9963745095,1637549354,感兴趣,张华
9955292785,1636740179,歪个楼，我只想看 阿尔罕布拉宫的回忆[酷],李文博
9948988883,1636106994,元宇宙是虚拟币的无限泛化，是在新历史条件下，唯心主义披上新的外衣向唯物主义发起的新的冲击。,Levyyang
10041082315,1642639684,牛逼,kahnyao
9947894696,1636079103,虚拟世界的诞生，真正的二次元世界[大笑],晖小叔
6151744056,1635394778,黑客帝国？,大仙要渡劫
4807641422,1633986049,没什么好说的，这就去抄底白酒,易天机
4755381478,1632476498,黑客帝国就是元宇宙,姚工
4712212089,1632019556,没提《黑客帝国》，差评,李伟
4790524287,1632631499,这些炒作的投机者，很多的文艺品味都一般，甚至就算看了黑客帝国，也只是被其科幻外衣所炫目，而不会去思考背后的哲学艺涵。<br><br>先不说元宇宙这个技术起不起得来，就算起得来，不就是在造蓝药丸吗？,Souvinor
9936631032,1635478223,"""我 骂 我 自 己""",不在读程序员熊吉
4709393264,1631791086,脑机接口成熟后元宇宙才能有大的发展,可乐
9958369758,1637128631,意识怎么克隆？意识能克隆就证明有灵魂存在？？难道说科学的尽头是玄学,小知食
9957660461,1636969545,如果操控人工智能训练完全可以克隆一个你,可乐
4706900817,1631592021,都去虚拟那赚钱，现实中拿什么生活,凌棂零
10041316737,1642639764,真实的人都死得差不多了,kahnyao
9942780043,1635474140,就是。无论如何，还是需要物质的物资来保障身体的存活和健康。,不在读程序员熊吉
4705699400,1631508188,元宇宙项目可以关注一下piratecoin海盗（全网直接搜），元宇宙第一个3d手游，公测后每天保底收益,阿拉丁神灯亮着
9935731034,1635474184,这和沙盒类角色扮演网游有什么区别？,不在读程序员熊吉
4705347760,1631501853,谢谢楼主，终于知道啥是元宇宙了，不过有了元宇宙就不用吃喝拉撒了吗[思考],小沙
9957273092,1636965175,说得出脑机接口的都是偌z,小知食
9928500165,1635474227,全身插管，脑机接口。画面太美不敢想,不在读程序员熊吉
4705246185,1631580377,这波难道不是《失控玩家》上映前的宣传炒作吗[惊喜],一曲祭轩辕
4704957081,1631464182,我怎么有点盗梦空间的赶脚呢,王五
9935340097,1635474250,更像黑客帝国,不在读程序员熊吉
4704670193,1631503207,阿尔罕布拉宫的回忆安排一波[惊喜],阿豆
4704578922,1631509122,灵魂世界开启中,太文公
4704315488,1631504636,这不就是黑客帝国吗,非洲小白龙
4703795002,1631411518,就是虚拟,随便的笔
4703534926,1631422974,先用摄像头实时画面一份现实进虚拟现实中（一开始以付费的方式，鼓励这类的公司同步现实的画面），然后可以在里面设置一定的职业，打工获取收入，收入可以兑换成现金在现实中使用。<br>既实现了平行世界<br>既解决了同步和不断迭代的问题。后续再在虚拟里面根据市场需要开发更高端的虚拟。,momo
9935340107,1635474303,问题来了，开几个元世界？哪个公司来主导？<br>说到底，就是VR角色扮演沙盒类网游。,不在读程序员熊吉
4703426539,1631345549,博主，看到元宇宙突然想到无极电影。无极电影里的世界就像个元宇宙，主角以及其他角色是npc，就是没有游戏玩家介入[思考],知乎用户hJHTij
9935340114,1635474324,像黑客帝国,不在读程序员熊吉
4702540104,1631317814,生物技术还轮不到做游戏吧,gvijhixbgd
4702286143,1631256715,沉浸式体验 似真似幻太虚空间,bing guo
4702043501,1631236619,搞不起来的,Elixir
4701803599,1631198245,带土:无限月读！,槑槑受
4701543216,1631233284,就一条：每天只能上线一小时，上帝、宇宙都要凉凉[吃瓜],fqlai
4701276316,1631236265,这东西技术力暂时不够，出来也是半吊子，未来五年能出个勉强过关的产品就算成功，但我个人不喜欢这东西，只是游戏可以接受，但要发展了，不可能只是游戏,或罪或咄
4700730440,1631156919,很难，元国家，元区域还差不多，元地球很难，毕竟大家懂的,Dennis
9936629887,1635474513,你也太乐观了吧，元网游还差不多。一个公司能出好几款的那种。,不在读程序员熊吉
4700430480,1631140755,不亚于当初的移动互联网。,星星
4700138953,1631145545,就是一个虚拟世界？,过客
9934800159,1635474589,VR网游罢了。,不在读程序员熊吉
4700116417,1631164114,说白了还不是虚拟的假的，让市场人群是消费！,煦闻的快乐
4699838521,1631108515,这不就是 《网游之xxx》[飙泪笑],ZhiWEI
4699552996,1631025341,以后人们的思想和身份感更混乱了。,伊伊
4699472341,1631071699,这TM不就是上学时候看的网游小说，头盔&amp;座舱 杀人夺宝 魔幻玄幻 虚拟现实吗。。成真就有得玩的，不知道到时候是不是会被和谐呢[撇嘴],寻梦
9928951043,1635474613,VR网游罢了,不在读程序员熊吉
4699394560,1631098117,看了这解释，好象明白了，电子游戏十资本运作十科幻=原宇宙概念[好奇],道纵横
9941341314,1635474626,就是VR网游,不在读程序员熊吉
4698940977,1631068179,有生之年不知道还不能亲历参与,知否知否
4694809974,1630642349,技术仍然无法实现，有生之年能看到就是奇迹,红尘叙
4694980320,1630743739,现在处于技术大爆炸时期，还是可以期待期待的,来者可追
9913981418,1635474648,在现实中移动肢体，总归是会撞到障碍物的。没法实现真的沉浸。除非脑机接口。,不在读程序员熊吉
4693826914,1630596148,一天只有24小时,胡同深处
4689878042,1630339577,写的真棒，有体系有思考,bill.dng
4689641353,1630374500,不知道怎么参与就小仓位去买cso吧，元宇宙龙头，和十年前的比特币一样，正在成长,桃花酒
4694248659,1630640207,正在磨刀霍霍向韭菜，哈哈,52Hz
4689947963,1630400769,去微博搜cso超话，你就知道了,桃花酒
4689293848,1630285471,这个事也有专家，不是扯淡吗,tigerbigcat
4685794702,1630038446,CSO不错，可以关注一下,搁浅
4676579393,1629463950,想起当年无敌黑枪的小说，元宇宙最好的应用。,澈嵌砚
4672904224,1629191089,写的挺好的，有自己的思考,小七
10009754013,1638777144,侠盗飞车游戏是一个可以参考元宇宙，用城市这样去发展，形成和现实人们一样的衣食起居游戏。如果是改变世界，地型，城市，那么要有很大信息技术和网络ar技术了，以及资金,喵了个咪
10318885692,1665648266,<p>数字藏品平台开发 成品系统快速上线 独立部署</p>,元宇宙小藏藏
10317859942,1665555448,WoW早便是元宇宙了,唐吉赫德
10317840531,1665575479,搞了好多票子了[调皮][调皮][调皮],秋北
10314241749,1665323796,来42,问尘
10311472314,1665044526,概念远比实际的东西更有吸引力 资本的炒作就在等着投资者入场  ,瓷春
10303761024,1664417258,元宇宙和现实的连接同步性，确实会对社会有很大的冲击，但是吧，这篇文章不是介绍云宇宙吗？怎么变成声讨会了[捂脸],云里
10300587678,1664257312,<p>技术需要慢慢沉淀，元宇宙目前是概念大于实际。但是，数字孪生，可视化技术的发展已经是日新月异。</p>,彭尼奥
10300200256,1664251107,攻壳机动队的信息网络,野良
10299923420,1664176234,<p>更多元宇宙3D模型下载，www.yuzhouyuan.world</p>,Rockyman
10291708840,1663567015,个人认为，当下的元宇宙还处于初期阶段，不管是落地还是商业模式都不完善，需要大家一起维护。,吾爱开源
10285651454,1663046085,现实里割完了，还要让你进虚拟世界割一波[可怜],背影
10285418611,1663052419,<p>听说原Robolx中国团队做了一款叫比邻星球的元宇宙社交产品，有没有人科普一下？</p>,近墨者白
10284838658,1663063303,元宇宙就是技术支持下的意淫吧？,Kazec
10283321877,1662909071,<p>科学家正在开发一种更接近人类大脑的新型人工智能，科技越来越高级了[大笑]</p>,元宇宙老王
10270626932,1661877156,沉浸？精神在元宇宙里沉浸了，那肉体怎么样才能不萎缩。还有一件事，人人都精神沉浸元宇宙了，谁来种地，谁来解决吃饭问题？！总觉得特别虚。,一骑红尘妃子笑
10264422440,1661411941,"<p><a href=""http://link.zhihu.com/?target=https%3A//btchhe.com/yuanyuzhou/639.html"" class="" wrap external"" target=""_blank"" rel=""nofollow noreferrer"">元宇宙是什么？元宇宙是从哪些方面改变音乐产业？ - 币和网</a></p>",突然拐个弯
10259141811,1661044356,<p>元宇宙只用来玩游戏那格局是真小了[捂脸]</p>,粤有数
10256347380,1660812263,<p>个人认为目前元宇宙最大的问题还是在如何突破人机的界限</p>,Yiyun
10248591177,1660289597,大型角色扮演类游戏，交流思想还可以。元宇宙吃饭种菜拉粑粑？除非科技发达到，可以讲人的思想永久植入虚拟现实，自由发展，这才是虚拟的真实存在。,向上的天天
10241589012,1659717622,我听到这个词第一瞬间也想到了《头号玩家》,不晚
10229865792,1658916604,数藏开发，包上链，有成品，可快速部署,露露软件开发
10211770728,1657508641,"<p><a href=""http://link.zhihu.com/?target=https%3A//www.bilibili.com/video/BV1ES4y1J7rv%3Fshare_source%3Dcopy_web"" class="" wrap external"" target=""_blank"" rel=""nofollow noreferrer"">采访C轮VR创业公司：什么是元宇宙？我们活在元宇宙里吗？_哔哩哔哩_bilibili</a> 这是一个元宇宙创业公司的采访，大家有兴趣可以看下[爱]</p>",花花木子
10202395899,1656750681,元宇宙就是让你沉浸在虚拟的世界不可自拔<br>对现实世界的不满通通在虚拟世界满足和释放,多巴胺
10195742453,1656078720,人的基数逐渐加大的原因吗，资本家需要掌控资源再减少，细思极恐！[思考],知知乎
10178213976,1654705291,元宇宙连老百姓都分析的头头是道了，还叫元宇宙吗？,蓝海
10175379223,1654412939,韭菜宇宙,左牵黄
10174286913,1654360816,垃圾网游。要玩网游请认准魔兽世界，再不济逆水寒剑三都可以，去玩这个垃圾网游是浪费生命,demo256
10171994721,1654096269,里面的NFT到时候可以卖是真的嘛，家里人信这玩意信很真，劝都劝不回来的那种[微笑],肥球
10168637481,1653790045,就是网络小说里面的虚拟游戏,唐先生Danny
10162622852,1653351051,那也得在现实世界有钱吧？除非链接元宇宙的不是通行货币，所以其实loser无论去到哪里都是loser[思考]满足有钱人的游戏罢了，现实世界杀人放火犯法，但是元宇宙不会，有点《西部世界》那味了,利利黎
10158565339,1652932661,我没看到元宇宙技术的进步，我只看到一堆韭菜觉得自己入了元宇宙领域很自豪，结果连元宇宙是什么都不知道，还觉得是个高级词汇拿来装逼用,冷清啊
10157431072,1652853585,大家可以相互交流一下，[捂脸]适合白嫖党群也有大佬每天更新时实消息：478630218,阿叶one
10152809872,1652450647,"喵星球平台<a href=""http://link.zhihu.com/?target=http%3A//chatany.com.cn/h5/reg.html%3Finvite_code%3D52U4SN"" class="" external"" target=""_blank"" rel=""nofollow noreferrer""><span class=""invisible"">http://</span><span class=""visible"">chatany.com.cn/h5/reg.h</span><span class=""invisible"">tml?invite_code=52U4SN</span><span class=""ellipsis""></span></a>",东西
10144420968,1651835972,会消耗众生的心力,futhkj
10135956504,1651154033,大哥们 元宇宙需谨慎 能白嫖绝不投资 我这里有个群天天发各大平台免费空投 有利润 要进得来,人民藝术家
10136275913,1651154066,没有条件 没有这的那的 纯分享 自愿参与,人民藝术家
10134531725,1651022909,关于我们辩论我抽到了元宇宙利大于弊[捂脸]可是我真的觉得弊大于利[捂脸],一盆不辣的酸菜鱼
10134360464,1651025455,请问DNF这个游戏算元宇宙吗？它有宏大的世界观，你可以在里面刷副本，还可以跟别人pk，也能社交，可以做生意，还能自己做装备卖（算不算NFT？），有独立的货币结算系统（qq币）。请问那些靠在DNF游戏里面打装备和材料卖钱过日子的人算不算元宇宙的原住民？？？[吃瓜],特科四爷
10169628143,1653893133,我觉得算了，这个概念本来就很模糊，真较真的话就根本还不存在，,火龙的咆哮
10131891630,1650801723,QQ群：537990752   元宇宙内部通知群,悦悦亨亨
10130463873,1650758117,可以带大家玩元宇宙喔，感兴趣的可以来了解一下,ohh
10130345999,1650728550,有个元宇宙项目🔥,福星
10125784453,1650359471,数码世界也是元宇宙吗,梦里疯度
10125179117,1650290373,偷换概念。还是无感六通那回事。我还是认为世界的算法是数学，元宇宙还不是需要写程序还是一个数学解释。,趣小田
10120512545,1649989864,看过一个短片《恐怖谷》你以为你进入虚拟世界 是个玩家 所向披靡无所不能 实际你是个杀人犯，反之 你以为你以为进入了一个新世界，实际你进入了一个堕落向毁灭的陷阱,十六
10118546655,1649759691,就是个游戏升级版嘛,普兰提
10116116528,1649579542,怎么进入元宇宙?,郭先生
10117148373,1649720411,"<a href=""http://link.zhihu.com/?target=https%3A//h5.metauton.com/invite%3Ffphone%3D187"" class="" external"" target=""_blank"" rel=""nofollow noreferrer""><span class=""invisible"">https://</span><span class=""visible"">h5.metauton.com/invite?</span><span class=""invisible"">fphone=187</span><span class=""ellipsis""></span></a>****9711&amp;fcode=EGUTR   元宇宙交易平台",精神病院常驻人员
10110057220,1649139818,科幻界已经给出上万种元宇宙崩溃的可能了[捂脸],laskei
10107766046,1648916354,挖矿私中国人不骗中国人简单,爱新觉罗.臣独秀
10106160803,1648870894,需不需要充值呀？人民币玩家,Jason
10102645396,1648537323,严肃点说，元宇宙和虚拟仿真还是有一些区别的。<br><br>元宇宙是几乎你生活中的一切都可以数字化，除了吃饭和睡觉，你的工作社交，你的经济行为，你的工作成果等，都可以在元宇宙里面实现。<br><br>虚拟仿真是元宇宙探索的必经之路，但绝不是虚拟仿真这么简单。基于区块链技术的发展，智能合约得到广泛应用，layer2一旦完成，人类互联网的生态将会彻底的颠覆。那时候，对所有人来说，几乎会穷尽你当前的想象力都无法准确的描述这个未来会是怎样的。<br><br>元宇宙是我们的未来，当前Facebook改名为Metavers，我还是蛮担心未来再次被这种“中心化”的财阀控制，元宇宙需要我们共同建设。<br><br>欢迎加入元宇宙，也欢迎一起沟通交流。我的微信号：yuanzheng111003,爱默威科技
10133768267,1651025270,请问DNF这个游戏算元宇宙吗？它有宏大的世界观，你可以在里面刷副本，还可以跟别人pk，也能社交，可以做生意，还能自己做装备卖（算不算NFT？），有独立的货币结算系统。请问那些靠在DNF游戏里面打装备和材料卖钱过日子的人算不算元宇宙的原住民？？？[吃瓜],特科四爷
10099682055,1648329012,元宇宙，就是大型深度沉浸游戏，有身份（身份证注册），有朋友（攻破你的隐私，朋友权限），经济货币（这个才是重点，敛财通道，虚拟币去中心化逃避监管，制造提款难度后台可操纵）<br>再去中心化、再安全它也是程序猿制造，随时可以修改、一键删除的，你真的确定要把自己的真金白银放心的给别人？无利不起早<br>腾讯布局、字节跳动布局的，都是真实游戏，游戏游戏，[捂脸]<br>真的那么多人相信吗？,你是谁
10097463006,1648167614,元宇宙的诞生：炒区块链炒币炒头像再到元宇宙[调皮],唐子见
10096442156,1648091234,土耳其GART项目，正在开发元宇宙，首款3D游戏马上上线，今年目标价1U，明年17U,Ben
10095977429,1647962753,会不会沉浸在虚拟数字世界里无法自拔？真实世界的本体已经死亡，数字世界的分身还在继续存活，能思考、也有喜怒哀乐，继续生活着？,owen
10093376929,1647786785,有人进群吗？,酒红色
10089818413,1647505987,保留人的记忆，大数据模拟思维逻辑，处事风格，这个ai确实可以做到！这样我们的子子孙孙就能跟我交流了，他们会问我啥呢？,飞翔羽翼
10086615619,1647155037,归根到底就是区块链，虚拟数字货币。,农家小柔
10083641376,1646877202,就上网络世界我也是搬砖的份  和土豪不是一个档次,一二三
10082202104,1646735261,有兴趣的可以加入[思考],元轩
10080590047,1646620843,说的不错[赞同],IC先生
10079593930,1646492565,我想问一个问题，人们是可以在元宇宙中社交，比如去餐厅吃饭，可是现实中的人能真正吃到么？[捂脸],元伍
10079692931,1646546678,"借着元宇宙的风口,都是虚拟货币的东西",农家小柔
10079367867,1646554418,买的房子在现实生活中有什么价值呢？能让虚拟和现实结合么,元伍
10078019434,1646444788,写的好好，我想运用几句话到我们的推文上可以嘛[大笑],有且仅有
10077603525,1646403275,这玩意说白了就是炒作，为了割韭菜，之后还可以代替现实中的地下钱庄，进行洗钱，资本家，真就是，恶心到家,不想多说
10069637272,1645664898,搞明白了，觉得很是鸡肋！,9527
10068301303,1645604859,所以这个东西基本就是资本用来压榨社会消费潜力的是吗？<br>在没有意识上传方面的技术前提下，这个东西的实用性不能说没有，只能说不是很大,鬼车
10068283072,1645514555,元宇宙？嗝屁了你就能体会到元宇宙了，灵魂归于虚无，肉体融入自然，你和宇宙融为一体，尘归尘土归土[惊喜][惊喜],EX-咖喱棒丶
10067939378,1645549239,互联网和现实世界是平行宇宙关系，各种传播媒介是这两个世界的电梯和天桥 不断运送这两个世界的信息和物质。这两个世界永远不会相交和贴合，但是会出现越来越多的电梯搬运各种信息和物质。<br><br>一个现实生活的人可以把通过现实把信息带到网络上。当然一个网络空间的ID也可以把信息带到现实。<br><br>希望每个人都做好自己的角色，可以在这两个世界直接通过各种电梯来回跳跃。现实世界不如意可以去网络注册ID换个身份。网络世界不灵通也可以到现实世界努力一下改变命运。,Geek周
10067485820,1645512624,[赞同][赞同][赞同],元宇宙技术开发
10066764694,1645427063,老陈警官披露的新型诈骗就有元宇宙投资,爱生活爱盖娅
10066565247,1645444852,但是元宇宙的生活里，我能吃饱饭吗[捂脸],栀子
10065728638,1645367510,缸中之脑[思考],debby
10063186043,1645026646,不就刀剑神域嘛,首无
10063068924,1645054443,这也太概念了吧，最后那个，说是永生，先不说能不能实现，就算是实现了，也就是一串数据，改天就让人删了,叫水煮蛋吧
10062860743,1645013630,说了半天没有一点创新性的东西，都是百度一抓一大把的内容，毫无深度和用处。,鹿彬
10061854672,1645015505,现在的元宇宙概念还是二维世界，就是骗局。那天能升维了，再玩,迟到的大雪
10061652192,1644855791,好像还是没有说清是什么,葱省周杰伦
10060757996,1644816264,这么看来就是基本不能实现啊，如果是必须依靠大量算力才能维持，地球也未必能拿出那么多资源来保证它随时随地全息吧？就算能，如果有一天无法维持，或是算力故障了，那元宇宙崩坏？太飘渺了,买气球的人
10057806663,1644641712,感觉这个弄好了能治愈具身解离，弄不好促进具身解离，也就是要么治愈心身疾病要么促进隐身疾病。话说真的成功了后，玩家的脑袋会不会越来越大四肢变得细小，也或者是《刀剑神域》照进现实又照进想象？[思考],玟SY
10057504038,1644549699,法外狂徒,野猪佩奇
10056884954,1644406386,出假u,开发新币
10056835454,1644463149,所以元宇宙的主体究竟是一个还是多个呢，所谓的元宇宙的赛道，究竟是各个公司在构建以自己文化为文明的元宇宙而展开的速率的竞争还是各公司在抢占同个元宇宙中的资源时的占有率的竞争呢？,徐嘘嘘
10055356718,1644291210,我的简单理解，元宇宙就是新的高科技游戏，普通人的机会，就是现在各大流行游戏里的游戏币可以交易差不多的意思，现在就等哪个公司先搞出一款火爆的游戏，普通人跑任务赚取游戏币卖给大佬们让他们玩的更爽，仅此而已。,有孟大叔
10054731728,1644222854,科技越发达，人类越灭绝[大笑]资本永远想站在制定规则第一线，吃瓜群众可以散了,goldmundinSH
10054534270,1644256349,完了，以后骗子又回多出很多借口来行骗了,秋哥
10053590022,1644111309,断电，或者格式化,小木
10053178338,1644124049,都虚拟世界，饭都不用吃了？,Oceans
10053084251,1644064639,从宅家到宅在虚拟世界,Wsy
10051373775,1643852765,物质世界探索遇到瓶颈了，就相当鸵鸟一头扎到虚拟世界放弃探索物质世界了吗？,单杠上空翻
10051271032,1643769881,目前最接近元宇宙的软件应该是VRchat，你甚至可以在里面和别人街舞斗舞🤣,悠祤呦
10050766530,1643717624,论现在的生产力水平造元宇宙，无异于空中造楼阁[惊喜],心兰相随
10050465797,1643684497,能源是元宇宙的土地，现在这片土地还很小！,左眼皮跳跳
10047637608,1643394132,我觉得看怎么发展应用，科技发展与日俱新，20年前你也没想过可以视频通话,Andy
10047558379,1643303822,是觉得有点太超前了，人类没有准备好。比如你起码要有智能手机，才能有抖音直播等等的应用场景。元宇宙感觉就像软件，但根本就没有相应的硬件,wayway
10047521345,1643259993,继希攘之后，字节跳动推出基于元宇宙社交app“派对岛”，用户可以以虚拟形象和朋友闲逛，除了社交属性，还加强了陪伴感和参与感，app已经上线，找我领邀请码哦😁<br>,摔下来
10047430629,1643255388,元宇宙里，国足还会那么拉跨么？,不正常人类研究所
10046030607,1643160863,感觉在国家电网面前都是弟弟,有财君
10045103446,1643046505,我就想知道这个概念除了人为的圈钱，对社会进步的实际价值又有几何？我觉得就算能玩出钱，还能玩出粮食不成？都去玩这个，这个社会能维持下去？所以，大家就看看热闹就好，不过是毁人新概念而已,白柏
10045031382,1642993489,元宇宙就是虚拟世界和现实世界的交互，现在的科技水平还达不到，未来也许真的可以，所以现在老老实实的当个打工人还是好的。最近听朋友说万兴科技在招聘呢，而且还有引才入湘的计划，发展空间不错。,醉挽清风
10044991242,1643096719,就是一些资金家无聊搞出来的东西，每天躺在家里元宇宙得了。,卡卡
10044988677,1643085646,[大笑]评论区多读点书没坏处,arioptop
10044453001,1643083847,这玩意不就是个大型网络vr游戏吗，技术不难，但工程太庞大，投入成本太高，最后弄出来意义也就是消遣娱乐。,cqyc
10043765682,1642990626,有没有相关群可以了解啊,Yvonne
10043200807,1642779608,出高仿u,开发新币
10042992157,1642773966,理想化的观点认为，元宇宙是一个高度网络化的虚拟现实，在基础设施完善的网络世界中，人们可以实现和物理世界一样，全方位实现身份认同、货币交易、社区归属甚至职业发展等个人和社会的需求。目前很多科技公司都在布局，创意软件A股上市公司万兴科技（300624.SZ）也在涉及这方面，正面向全球招募优秀事业合伙人，如果有想在长沙和深圳发展的朋友，有有视频创意软件、AR/VR赛道等创业经历的人才可以关注，可以去他们官网详细了解。,纳纳和和
10042700741,1642769625,解释的好。[思考]就是网络虚拟世界的NB名字,何师傅
10042526267,1642796111,比特币废了，立马出元宇宙，啥意思就这意思，韭菜们把钱准备好,敬文
10041913535,1642670584,理想化的观点认为，元宇宙是一个高度网络化的虚拟现实，在基础设施完善的网络世界中，人们可以实现和物理世界一样，全方位实现身份认同、货币交易、社区归属甚至职业发展等个人和社会的需求。目前很多科技公司都在布局，创意软件A股上市公司万兴科技（300624.SZ）也在涉及这方面，正面向全球招募优秀事业合伙人，如果有想在长沙和深圳发展的朋友，有有视频创意软件、AR/VR赛道等创业经历的人才可以关注，可以去他们官网详细了解。,知心
10041286112,1642608359,吃的太饱+想骗钱,马鸡化巴腾
10040855744,1642657428,大家关注的好像都是元宇宙的真实性  我的浅见：难道该关注的不是元宇宙内部游戏币的变现能力么…… 概念在炒热度也上来了  是不是着重点其实是这个呢[思考],小秋
10040722921,1642583674,其实就是资本市场上炒作的一个新的概念，一旦韭菜被收割成功，概念也就不了了之，随后再会產生一个新的概念进行炒作并再作收割，[大笑][大笑][大笑],伟伟
10040703328,1642646875,技术在进步了，要不然现在把1992提出的理论又拿出来重提了，第一批的人永远都是最先拿红利的那批就像刚开始的币,元宇宙热爱者
10040578404,1642595685,元宇宙指的是，利用互联网技术和社会形态建造一个虚拟的空间，玩家可以在空间中玩游戏，或者惬意的生活，可以在这里干任何想干的事情。,NFT元宇宙研究院
10040567152,1642558738,虽然技术需要迭代尝试，但是元宇宙这种宏伟的目标，至少在我看来量子计算机没出来前只能是技术积累，实现不了,self Lost
10040545198,1642598387,GTA5不就包括这些吗？,数据人
10040436887,1642642909,感觉越来越像佛教里的梵天的传说，梵天就是大型服务器，他崩盘一次，所有虚拟世界的角色就消失一次,狄安娜
10040391199,1642558297,现实世界都玩不转，还能同时玩得转两个世界吗？[捂脸],鲁智深
10040169416,1642640863,出高仿u,开发新币
10040073402,1642565129,这元宇宙。。。不就是MMORPG游戏玩家每天都在做的事吗？区别无非在于科技还不那么发达做不到完全沉浸罢了。<br>以前天天嘲讽游戏玩家，“花那么多时间带来一点0和1的变动有什么用？”现在呢？摇身一变就成最新的“元宇宙”了？？？？？<br>真以为批个高大上的名字就可以把我们当傻子了？,冬先君
10039321455,1642487742,和GTA OL有什么区别,周逆袭
10039260511,1642485055,你这元宇宙保真吗，怎么一股韭菜味[惊喜],子路韩非
10039236406,1642497243,不要把自己代入到玩家本身，只需要跟着赚钱就行了,大麦汪
10037810207,1642264252,现在网络中的我们，难道不是元宇宙？,麦子小小猫
10037090819,1642167886,现在这技术根本达不到，估计20－30年内都见不到，那时候我都50/60了，跟我的关系也就没那么大了,天地人
10036326437,1642214497,俺的手机处理器依旧很不行,笃笃
10035949470,1642061058,元宇宙的最终形态是否能够实现，我认为不是技术的问题，而是元宇宙的最终的形态是否能做到从虚拟现实回归真正的现实，或者说是否能够回馈现实，如果不能...那这玩意儿撑死就是一个配置要求比较高的魔兽世界，圈一笔钱，该走的走该散的散。,将相王侯·Bryant
10035891682,1642053586,那会不会，我们本身即在别人的元宇宙之中,东邪曦毒噢
10035564588,1642033090,早几年不是出来个VR眼镜吗，当时怎么吹的大家难道忘了？现在你再看看VR眼镜,小北果果
10035062850,1642046921,ar?,意识流
10034740665,1642035098,这不就是沙盘游戏的线上版吗？,束杰
10034161974,1641949071,以我小学生的智商来看，这特么不就是画大饼骗人的吗？[小情绪],图腾豚
10033361283,1641884063,有钱人玩的游戏，几十年之后，可以做个行业隐形冠军。贴近生活不太现实,广州金众电子
10033332378,1641737324,《重生之我在元宇宙当老板》,lemon
10033025057,1641822653,我咋感觉这玩意不是什么好东西呢？[飙泪笑],走向共和
10032855539,1641704714,黑客帝国要成真了！？,unswimmingfish
10032236154,1641687932,我觉得更恐怖的是 虚拟世界的我们有一天会反客为主 操控现实生活的我们,他的第七章
10032050741,1641636748,如果现实的人全部都沉浸虚拟世界，跟学校的学生沉迷打网游有啥区别，社会正常发展运转都成问题，难道要人进虚拟，机器人代替人占领社会？细思极恐[思考],妖姝
10031793135,1641688000,我总感觉扎克伯格和马斯克在布一个很大的局 真的好恐怖 符合美帝国主义的性格 称霸全世界 ,他的第七章
10031554668,1641685149,元宇宙？脑后插管，虚拟世界，生物发电。懂了，是黑客帝国,众里寻她千百度
10031543702,1641611642,一个新的庞氏骗局罢了，历史一直在重演，这些掌控世界80%财富的20%精英又在联合坐庄，收割韭菜，不过这次的骗局维持不了多久，今年不久就会崩溃，那些炒元宇宙的互联网公司会遭到报应。不信，那就拭目以待。,宇宙树
10030669004,1641477915,吹元宇宙这帮人是不是不知道ps3时代索尼弄的pshome，虽然现在已经黄了[调皮],扎克
10030661026,1641618566,[思考] 元宇宙不能给你触觉，味觉，嗅觉……这玩意不是智商税是啥,Ksharp认识么
10030645470,1641523339,玩出个三体星吗,微信用户
10030231515,1641525897,什么时候有吞噬星空里的虚拟宇宙公司的一二能力了，在来割韭菜吧，现在为时尚早没得土壤，韭菜长不了。,摄取能量的韭菜
10030032667,1641388550,吃饭吗,微信用户
10029830387,1641404256,虽然说的很清楚但我依然不懂啥意思……就是云里雾里的[捂脸],嘎嘎
10029682309,1641390194,元宇宙能满足感我各种特殊性癖么……,绝版宅男
10029640835,1641511689,说到底对现实没什么好处，都是虚幻的东西，到时候可能使现实中多一群疯子,onetwo
10029630766,1641448956,1.富人世界，不受现实世界政府监管，随意制定规则，野蛮生长不受约束，模拟全球资本主义演化结果。2.现实多元化世界加上核子等毁灭性武器导致无法去做某些事即可用元宇宙替代，例英雄联盟概念。3.洗钱,陈桂圆
10029506767,1641399369,扣完五险一金我工资就1900，还有功夫在那元宇宙，买币都找不到地方，元气森林都舍不得喝呦[思考],田虎虎
10031655832,1641558947,元气森林有啥好喝的我不知道,一只小可爱
10029388595,1641381129,黑客帝国里面的人类生活在虚拟世界还是有人愿意醒来与机器抗衡是为了不被控制不被统治吗？在虚拟世界游戏人间，那么人人都是NPC，不敢想象社会会变成什么样子？在元宇宙上传了意识的你还是你吗？,大雁南飞
10029284835,1641305492,还是不太懂这个概念，是不是VR增强版?,bywwh
10028940905,1641373109,我的世界 升级版[酷],我思故我在
10028912394,1641376937,庞氏骗局看到子子孙孙们能玩成这样，也是棺材板直接炸裂，我尼玛骗钱还能这么骗,黑云关羽
10028615354,1641372970,怎么看都是个游戏吧[大笑],小妞子
10028188881,1641280646,“元宇宙”堪称是2021年互联网投资圈里“最靓的仔”，百度、腾讯、字节跳动等互联网巨头争相入局“元宇宙”赛道，一时间，“元宇宙”概念引爆科技圈，无论是底层技术还是商业模式，各行各业对“元宇宙”都有着不同的演绎场景，我们不禁会问，元宇宙的本质是什么？云控蜂核给出了一个完全不同的答案 — 对数字资产的保护。<br><br>元宇宙在创造新的商业模式，也在重塑互联网的价值。元宇宙为商业世界所带来的机遇，包括持续增长的市场所带来的新商业模式，以及让用户在虚拟的社会形态里有更好的沉浸式体验，在元宇宙你可以拥有全新的虚拟身份、社交关系以及数字资产，在这里无论是个人、团体，还是企业都可以创建自己的“元宇宙”，这也是云控蜂核在布局元宇宙赛道上做出的战略调整。<br><br>数字资产流转平台“Hime”，社交游戏平台“平行家园”，以及虚拟现实“平行空间”，蜂核旗下的这些重点产品，在将元宇宙概念具象化，从某种角度来看，这是一个被创造出来的虚拟世界，登录入口，进入平台，剩下的交给用户。<br><br>试想一下，你的画作、视频，或是一款游戏，通过链上确权，呈现在Hime平台，成为数字资产，让其价值最大化。对于长期聚焦产业数字化转型与发展的云控蜂核而言，旗下数字资产交流平台Hime，基于区块链技术，实现全球数字物品的确权、交易。Hime平台可直接将实物资产、数字资产上链确权，同时根据用户需求制定流通规则并生成智能合约，进行安全可靠的价值流转，为用户提供一站式服务。,云控蜂核
10027884786,1641228458,元宇宙，呵呵，哈哈,灰不动老
10027455844,1641111691,让我们一起！为梦想窒息！[doge],学习使我快乐
10026874255,1641136655,现在的网络信息继承就是,吴双笔记
10026820249,1641209876,是不是得现在买一部分虚拟货币，以免上传网络后没有钱花……,珅嘉
10026398170,1641100938,假如，假如真的元宇宙了，人们会不会完全生活在虚拟世界里，等待时间一点一点慢慢老去；假如真的生活在虚拟世界里，人们还会不会回到现实，那些美好的事物存在于虚拟世界里，人们还愿不愿意回到“不美好”的现实里，回到现实世界之后，能不能承受虚拟和现实差距之重，人们内心是否能够接受和足以承受? 会不会自卑的人越来越多。。。。。。 ,深漂girl
10025942650,1641011135,"<a class=""comment_img"" href=""https://pic4.zhimg.com/v2-d49134be2ca65acbc9662ba850dd5c67_qhd.png"" data-width=""828"" data-height=""1792""> 查看图片</a>",曾十七
10025700516,1640937642,以后现实996，虚拟007，福报要越来越多了[思考],修身
10025592850,1640842042,黑客帝国 创造需求，其实就是这样,天天向上
10025037802,1640854748,意思是未来的人全都是死宅嘛，不希望这样,别人有猫我没有
10024974849,1640854545,某币圈最近都在炒这个，莫名其妙的我过来看看是什么东西[惊喜],阑珊
10024862619,1640881495,我们本身不就是在元宇宙时空里吗，一切都是虚幻的，只是为了体验。超越目前想象力的顶级的区块链技术和沉浸式体验，每个人都有不同的角色设定和人生剧情。只是我想要找到登出键。,大樱
10024438969,1640825121,二次猿狂喜[惊喜]！！,屌炸天的窝囊废是也
10024192740,1640747829,感觉原神有点元宇宙的感觉<br>,遇见你是我的荣幸
10024135227,1640752930,虚拟世界很早现在就开始炒作了，到现在还没什么突破，数字分身肯定还早着，资本家割菲菜的手段罢了,冷千七
10023447016,1640681127,我的世界这款游戏，就是可以理解为一个小的元宇宙，如果产品和技术都有了新的突破，我们就可以像游戏里的ID一样，自己进入到虚拟世界去体验，最近比较火的项目有，币圈 脑机接口 VR 人工智能，把这些串联起来，发现这些东西可以让我们大脑更方便直观的获取信息，用户在哪里获取信息方便，流量就会在哪里，有流量就会有经济，有经济就会有生态，理论上是可行的,有点意思
10023276298,1640703553,不知道我百年之后能不能看见元宇宙建立起来的盛况，如若有幸看见（在做梦），则岂不是能实现中国古代帝王所一直追求的长生之法？[不抬杠],小赖
10023061417,1640691727,往往精彩部分都在评论里[思考],辛楠不菲
10022904298,1640620182,看网游小说的应该都明白啥是元宇宙了哈哈,种花家的小园丁
10022399863,1640582380,好了，家附近新开的奶茶店叫元宇宙[思考],YaRen
10022377238,1640595713,“元宇宙”：<br>  1. why元宇宙是用于满足人性（大脑）需求。<br>  2. how通过视听触觉的互动。<br>  3. what通过人的认知来控制计算机、设备，实现真正意义上的“知行合一”。,William
10021694538,1639961261,元宇宙火了的话，也请大家看看《创：战纪》吧！真的很好看[耶],一TRON一
10020958176,1639954031,VR/AR先普遍应用再说。传感器先标准化再说。,泡沫
10020724234,1639959789,建议开发元宇宙的人，把元宇宙能开发的和地球ol差不多[飙泪笑][飙泪笑],Dcean乀天虹
10020434886,1639804268,这不就是 狼人杀 剧本杀么[捂脸],wrangler
10019906321,1639800780,"<a href=""http://link.zhihu.com/?target=https%3A//mp.weixin.qq.com/s/dKU1YBBf3UadY_IKIWPnug"" class="" external"" target=""_blank"" rel=""nofollow noreferrer""><span class=""invisible"">https://</span><span class=""visible"">mp.weixin.qq.com/s/dKU1</span><span class=""invisible"">YBBf3UadY_IKIWPnug</span><span class=""ellipsis""></span></a>",元宇宙技术
10019626076,1639724869,劳资都还没脱贫，元宇宙能不能缓缓,Ree
10019365150,1639739829,可华为今年12月已经提交了元OS的商标申请 肯定不是炒作,Jenny20210616
10019264910,1639668553,完了，老滚5又要移植元宇宙版了，老滚6又要鸽了,只为考狂
10019199935,1639794147,模拟人生？,李大木
10018923693,1639722716,一个太阳系都走不出去的渣渣们，对宇宙还处于未知状态，还想创造另一个宇宙，骗子和傻子的故事,已卸载
10018906371,1639639015,1024系列啥时候上元宇宙？千万买地皮算什么？一人多配才是王道，那块地皮上我要元宇宙鳳來樓联锁,最后的束发
10018854905,1639666465,"<a href=""https://pic2.zhimg.com/v2-78a8211cb8310c35c680037b04476b29_qhd.jpeg"" class=""comment_img"" data-width=""847"" data-height=""1000"">查看图片</a>",财会服务
10018823196,1639649192,感觉是从玄学变成科学[思考],六六
10018666372,1639622334,希望你们都去虚拟世界，我来替你们承受这现实世界的荣华富贵,点点星光
10018554003,1639643698,不就是精神鸦片吗，又解决不了实际问题，比如饿肚子要吃饭。,别猜
10018095114,1639564114,资本家们，赚的是盆满钵满,不辞丶前行
10017944202,1639556303,割不完的韭菜，骗不完的傻逼,财财虎
10017936719,1639666469,今日接到个搞VR/AR的公司业务员打来的电话，问我对他们的项目有没兴趣，其中她问了我，知道元宇宙吗？我一时就懵了，什么元宇宙？……然后我刷抖音，也有人在聊这话题，有说跟我一样不懂的人在说凡带有元宇宙的公司都是骗子，我觉得这人真可笑，在后来我来知乎搜了下，就看到你这文章，如果当时那业务员直接问我有没看过《头号玩家》，即便我不懂，也能理解一些啊。其实我写这评论，是想说凡事有商家看好的，一定有其发展的潜力，那么它将带来哪些下一站风口呢？又有哪些相关的行业与之匹配呢？这些，还的睿智的你去发掘和把控,6哥(冬去春来)
10017861546,1639582717,以现在的技术[飙泪笑][飙泪笑],红驴
10017845541,1639651066,好几年之前我就有这个想法，而且后面会跟穿戴有很大联系，服装也会有大的更新，手机会变成虚拟态，最重要的是整个系统就是个大型的虚拟社会，会有不同时间空间的穿越，现实和虚拟的交叉，会,记不清
10018555792,1639651127,在系统中工作，发任务，很多职业会应运而生，很多界限会模糊，,记不清
10017616330,1639532922,所以这本质上就是个沉浸式体验的大型游戏对吧，再直白点，就是个游戏啊，遮遮掩掩的一句话的事扯那么多,chengxy1001
10017575238,1639629795,虽然说元宇宙理论上看着不错，但实际操作起来就很困难了 现在就是在炒作,傾城
10017553544,1639499795,现实版的从零开始吗,桐话
10017458171,1639605343,三体游戏,初涉江湖
10017362182,1639560711,都是西方搞的骗局 就像从小看飞碟探索一样的道理 结果我到了国外真的看到 UFO了 是要把人变成假人 不相信自己了 好恶毒的办法 你们应该问问作者所谓的元宇宙 它在里面是扮演什么样的角色,大二
10017354881,1639537495,有没有觉得这概念很熟悉 吞噬星空中人族原祖施展的虚拟宇宙<br>和这个是不是极其之像,十六
10017020338,1639469677,不就是梦幻西游嘛。身份是：XXX帮主；朋友无非就是好友系统；沉浸感就不说了，游戏还能没沉浸感？；经济系统的话梦幻西游的虚拟资产和现实中的经济联系可能比绝大多数游戏都好。什么多元化随地低延迟都懒得说。,FFFFFFF
10016835459,1639445809,高级网络游戏plus版罢了。除非政府牵头，只允许推出唯一一个虚拟世界，所有网民以实名身份参与，以政府电子货币为经济介质，不然与各家游戏公司推出的网络游戏有什么实质性的区别？,姓刘的
10016718902,1639451214,元宇宙=======&gt;深渊,羽化成仙
10016626420,1639434615,等我去元宇宙里抢银行，体验一下现实生活中没有体验过的事[大笑],居然是我
10016454113,1639452483,说了半天也不知道说的是啥，不就是vr版的我的世界。,大军孝
10016126828,1639444269,人类生产力发展是非常缓慢的，基本20年以上才会发生一次小的变革，而资本效率是以秒分计算的，资本+科幻=？,舒克开飞机
10015924151,1639458728,戴个虚拟现实头盔你就进元宇宙了？炒概念、割韭菜，继比特币以后，元宇宙继续收取大家的智商税。,wdy
10015846193,1639359564,资本家想构造一个完全在他们操控下的世界,面朝东方
10015840548,1639457518,什么时候科技能提取你的记忆思维进元宇宙就是另一个世界了！,一万年
10015810465,1639447848,警惕一切资本的奶头乐，沉溺于另一个世界的我们将顾不上去思考，而不思考就是成为奴隶的第一步,康嘉炜
10015765137,1639371083,元宇宙不等于虚拟世界,共产主义接班人
10015760978,1639358190,看到最后不知道这玩意有啥用？与现实生活的关联在哪？如果没有那不就是一玩吗？还有这个“元”字，貌似比我们的现实世界更为本源，这不合适吧？,Harry Lee
10015753501,1639305928,我看到这个第一反应就是人类现在压根没有这个技术实力,团长的意大利炮
10015721250,1639445828,虚拟现实很多也不是为了元宇宙。绝大部分不是元宇宙。<br>游戏公司融资，也就是为了制作游戏，这跟元宇宙还相距甚远。<br>元宇宙现在的技术根本达不到。还真就 头号玩家？,jacknbbbb
10015492828,1639323743,所谓的元宇宙跟星辰大海，可不可以理解为唯心主义和唯物主义的较量,苦行僧为道修行
10015484265,1639288512,元宇宙？动物之森早就玩烂的东西,素手染青衣
10015454125,1639287127,元宇宙不就是虚拟世界吗？国内很多小说都有啊，譬如吞噬星空主角们进入宇宙后注册了虚拟宇宙账号，进入后在其中什么都可以，只要你有钱，买房买车，在那里所有人都不会生病，因为只是意识罢了。惊悚乐园、我的治愈系游戏里都是主角买游戏仓，意识进入虚拟世界生活，交易游戏物品，说是乌托邦，可归根到底还是需要钱，你现实不行，虚拟现实依然没钱啊，以现在的技术，最起码的游戏仓技术都实现不了吧？更别提那个公司说的随时随地进入元宇宙，太扯了，能达到这种技术，不知道多少年以后，甚至能不能实现都是个问题。,coldcash36g
10015285145,1639315569,我们所处的地球有没有可能是另一文明的“元宇宙”，灵魂则是他们意识的投射，感觉历史上bug特多的,ZZZ
10014930591,1639320610,这玩意就是炒币那群东西搞出来的,夜一清
10014848606,1639359768,前提是机器人工业已经成熟，可以把所有生产工作全部接管，那人就可以天天躺着做梦了。怎么好像说的是黑客帝国？,掠影修竹
10014608380,1639362983,共产宇宙？,知乎用户RTvslh
10014604140,1639323366,VR元年借尸还魂是吧，那个时候我考大学，现在都硕士毕业了,米尔寇
10014564923,1639239813,现在就有一个符合元宇宙条件的游戏，EVE，真沙盒游戏，非常细节，元素超多。谁玩？,老实巴交的憨憨
10014527105,1639205378,我认为元宇宙的技术还没达到一个非常娴熟，很顺利的地步。至少再过二三十年吧,咯莫
10014523240,1639187185,真是没什么玩儿了！又出个网络新词！元宇宙！我还平行宇宙呢！,时空尽头
10014448910,1639267383,就是把“单机VR游戏”变成“网络VR游戏”。<br>能做到像《头号玩家》，《刀剑神域》那样才好玩。<br>网速未来可以解决。<br>但是眩晕问题呢？,啤酒泡
10014339965,1639314583,全真互联网,Robin
10014205534,1639207168,这样的啊，在元宇宙里的数字人，倒是有些像传统描述里的 灵魂 哪 [滑稽],好多
10014014495,1639125015,不就是模拟人生online 进阶版吗<br>炒那么多概念还不是为了圈钱，关键技术没能解决，都是空中楼阁,无澜
10014014162,1639124080,"<a href=""http://link.zhihu.com/?target=https%3A//link-me.io/%40anys3133"" class="" external"" target=""_blank"" rel=""nofollow noreferrer""><span class=""invisible"">https://</span><span class=""visible"">link-me.io/@anys3133</span><span class=""invisible""></span></a><br>复制此链接投资元宇宙<br>信不信只在你一念之间<br>唯一一家使用比特币发工资的企业<br>在这里不仅有区块链、元宇宙、以太坊、NFT、Web3<br>还有最先进的商业模式与顺应时代的整合与共享",奋斗青年
10013945788,1639230885,下次演讲掺杂一些元宇宙的看法，一定会立马高大上[捂嘴],龙行旅人
10013862724,1639115182,太玄乎了吧,snowslow
10013852918,1639207036,这东西有个啥好玩的？天天能不吃饭不睡觉了吗？到最后痴迷的人很容易搞得很多家庭的娃儿变成废狗一天天的躲在家里自得其乐！很多家庭的娃儿会搞得家破人亡你信不信？,月城
10013824468,1639209975,保守估计，元宇宙现在还处于PPT阶段，距离诞生还差一代技术革命，别想太多，先赚钱吧,说书人
10013789492,1639187125,元宇宙是什么？？请问！宇宙元是什么！！,时空尽头
10013777776,1639121894,"<a href=""http://link.zhihu.com/?target=https%3A//link-me.io/%40anys3133"" class="" external"" target=""_blank"" rel=""nofollow noreferrer""><span class=""invisible"">https://</span><span class=""visible"">link-me.io/@anys3133</span><span class=""invisible""></span></a><br>复制此链接投资元宇宙<br>信不信只在你一念之间",奋斗青年
10013691766,1639124091,"<a href=""http://link.zhihu.com/?target=https%3A//link-me.io/%40anys3133"" class="" external"" target=""_blank"" rel=""nofollow noreferrer""><span class=""invisible"">https://</span><span class=""visible"">link-me.io/@anys3133</span><span class=""invisible""></span></a><br>复制此链接投资元宇宙<br>信不信只在你一念之间<br>唯一一家使用比特币发工资的企业<br>在这里不仅有区块链、元宇宙、以太坊、NFT、Web3<br>还有最先进的商业模式与顺应时代的整合与共享",奋斗青年
10013643139,1639185640,好家伙 做网页的时候一直以为avatar是头像的意思呢,cx zhou
10013470882,1639190427,刀剑神域，完全潜型现实化[思考],阿辉
10013239714,1639065066,这不就是贯穿黑镜里能够带来真实体感的纽扣脑接口，以及所谓的另一个可以永生的世界圣朱尼佩洛。,孑孓
10013235104,1639046269,就是换一个地儿被割韭菜呗。。。,宇智波鼬
10013215531,1639120119,基于20多年互联网存量数据的一次内部迭代，存量创新，而非颠覆式创新。遥想rpg游戏，开心农场偷菜，bbs，校内网，blog，微信，抖音，基于元宇宙的互联网社交形态再升级不可避免。,谷平先生
10013158156,1639114148,说不定我们人类本身就已经是一种高等文明的元宇宙实现，我们是他们意识得以延续的载体。,深蓝
10012950693,1639129185,仍然是个游戏,梦想生命
10012943427,1639100886,米忽悠2030[调皮],丶火火丶
10012861176,1639108085,感觉是不是小说里面描写未来的虚拟游戏，第二世界那种啊[捂脸],徐徐
10012766129,1639066169,鼓吹元宇宙的，要么坏要么傻,一马
10012710293,1639102736,一款游戏？,旧岁长安
10012683955,1639104645,太可怕了 骇客帝国或将成为现实，不过送我们进入的是我们自己[可怜],lalala
10012632560,1639010940,科技也内卷严重了，需要再来一次技术革命[捂脸],甘坐冷板凳
